Unternehmen,Sitz,Anschrift: Straße,Anschrift: PLZ,Anschrift: City,Anschrift: Land,Stammkapital,Gegenstand/Geschäftszweck
Wörns Auktionslogistik GmbH,"Mannheim, DE",Hasenackerstraße 19-25,68163,Mannheim,DE,25000.00 EUR,"Abbau von Ladeneinrichtungen und deren Vermarktung, Einlagerung + Vermietung von Lagerflächen."
VTS Vulkanisier und Transportband Service GmbH,"Karlsruhe, DE",Am Sandfeld 15a,76149,Karlsruhe,DE,25000.00 EUR,"Der Vertrieb, die Reparatur und die Montage von Gummi- und PVC-Bändern aller Art; der Vertrieb von Ersatzteilen, Zubehör und Verschleißschutzgummi aller Art."
MK-Spedition GmbH,"Karlsruhe, DE",Seydlitzstraße 15,76185,Karlsruhe,DE,25000.00 EUR,"Internationale Spedition, Umzüge In- / Ausland, Lagerungen."
Nekic Transport und Bau GmbH,"Karlsruhe, DE",Unterreut 6,76135,Karlsruhe,DE,25000.00 EUR,"Dienstleistungen im Bereich Transport bis 3,5t, Abriss und Rückbau sowie Abbrucharbeiten, Bodenleger, Kabelverlegung im Hochbau (ohne Anschlussarbeiten), einfache Renovierarbeiten, auf eigene oder fremde Rechnung."
Ulusoy Transporte GmbH,"Karlsruhe, DE",Bannwaldallee 46,76185,Karlsruhe,DE,25000.00 EUR,"Logistik / Transporte über 3,5 t (Güterkraftverkehr); Autovermietung; Sprachschule, Import- Export von Textilien und Geschenkartikeln, An- und Verkauf von Kraftfahrzeugen, Gastronomie, Abbruch / Bauarbeiten / Trockenbau, Gebäudereinigung, Hausmeisterdienst, Handel mit Reinigungsmitteln und Hilfsmaterialien."
Seyfried Transporte und Logistik GmbH,"Bühl, DE",Daimlerstr. 4,77815,Bühl,DE,27000.00 EUR,"Die Tätigkeit im Bereich von Logistik, Frachtvermittlung und Autovermietung."
Betz - Logistik und Lagerhaus Gesellschaft mit beschränkter Haftung,"Malsch, DE",Walter-Förster-Straße 9,76316,Malsch,DE,25564.59 EUR,Der Betrieb eines Speditions- Transport- und Lagerunternehmens. Die Gesellschaft kann Zweigniederlassungen errichten und sich an anderen Unternehmen beteiligen.
Leipziger Logistik und Lagerhaus Südwest GmbH,"Ettlingen, DE",Beim Runden Plom 11,76275,Ettlingen,DE,100000.00 EUR,"1. Gegenstand des Unternehmens ist: 
- die Durchführung von speditionellen Leistungen zu Wasser, zu Lande und zur Luft, sowie per Schiene, 
- die Abfertigung von Sendungen im Import und Export,
- das Erstellen von Logistik- und Outsourcingkonzepten im Bereich der Markenartikelindustrie,
- Güternah- und Fernverkehr im Selbsteintritt sowie das Betreiben von Linienverkehren zwischen den Niederlassungen, wie auch in der Schweiz, Russland und Westeuropa,
- die Lagerung, fachgerechte Bestandsführung und Kommissionierung von Markenartikeln, insbesondere von Lebensmitteln einschließlich der Distribution,
- die Durchführung von Jumboschwerlasttransporten im In- und Ausland für die Getränke- und Automobilindustrie, 
- die gewerbliche Vermietung und Verpachtung von Grundstücken, Sachen und Einrichtungen sowie alle Geschäfte, die mit dem Gegenstand im Zusammenhang stehen, 
- die Reparatur und Herstellung von Düsseldorfer- und Europaletten, sowie der Handel mit Paletten. Dies beinhaltet den Ankauf von reparaturbedürftigen Paletten, den Tausch wie auch den Wiederverkauf, 
- Durchführung von Winterdienst und Handel mit Streusalz und Zubehör."
SGME Meilen Transport UG (haftungsbeschränkt),"Mannheim, DE",Waldstraße 44,68305,Mannheim,DE,500.00 EUR,Die Ausübung von Transportleistungen aller Art sowie die Durchführung von Umzügen und Hausmeisterleistungen.
Kleeblatt GmbH,"Mannheim, DE",Kirchbergstraße 21-23,68259,Mannheim,DE,25500.00 EUR,"Die Beratung von Handelsunternehmen, speziell im Bereich e-commerce, das Erbringen von Logistikdienstleistungen, Personalmanagement  und alle hiermit im Zusammenhang stehenden Tätigkeiten."
Multi Logistic Services Verwaltungs GmbH,"Mannheim, DE",Dalbergstraße 28,68159,Mannheim,DE,25000.00 EUR,"Die Erbringung von Logistikdienstleistungen für andere Unternehmen und die Entwicklung und Umsetzung von Logistikkonzepten einschließlich der Erbringung aller damit im Zusammenhang stehenden Dienstleistungen, die Verwaltung eigenen Vermögens und die Beteiligung an anderen Unternehmen sowie die Übernahme der persönlichen Haftung und der Geschäftsführung bei anderen Unternehmen, insbesondere bei Kommanditgesellschaften."
BB Container GmbH,"Mannheim, DE",Weinheimer Straße 62 - 64,68309,Mannheim,DE,25000.00 EUR,"Die Containerlogistik, insbesondere logistische Dienstleistungen und Vermittlung von Transportdienstleistungen auch ohne eigenen Fuhrpark bei Containertransporten an Land, in der Luft und im See- und Binnengewässer sowie alle damit im Zusammenhang stehenden Tätigkeiten, insbesondere auch der Handel mit Containern."
Roadlink Logistik GmbH,"Mannheim, DE",Theodor-Heuss-Anlage 12,68165,Mannheim,DE,25000.00 EUR,"Die Bereitstellung von Dienstleistungen und Logistik für nationale und internationale Transportunternehmen, der Betrieb von Transport- und Umschlaglagern, die Frachtvermittlung sowie der Handel und Im- und Export von Textilien, Chemikalien, Maschinen, Elektro- und Elektronikartikeln sowie deren zolltechnische Einfuhr- und Ausfuhrabwicklung, ferner die Durchführung von Kleintransporten mit Fahrzeugen mit einem zulässigen Gesamtgewicht von bis zu 3,5 Tonnen. Erlaubnispflichtige Tätigkeiten z.B. Gefahrguttransporte werden nicht ausgeübt."
ICOM transport Deutschland GmbH,"Mannheim, DE",Theodor-Heuss-Anlage 12,68165,Mannheim,DE,25000.00 EUR,"Die Erbringung nationaler und internationaler Transport-, Speditions und Logistikdienstleistungen
einschließlich Lagergeschäft, Kontraktlogistik sowie speditionsüblicher Dienstleistungen."
Fichtel-Transport GmbH,"Mannheim, DE",Bromberger Baumgang 55a,68307,Mannheim,DE,50000.00 DEM,"Der Transport sowie die Montage von Büromöbeln, elektrisch bedienten und bewegten Karteischränken, Tresoren und Panzerschränken, Bankeinrichtungen wie Kassenboxen, Tresen u.ä., die Durchführung von Transporten mit Gebrauchtmöbeln u.ä. Umzugsgut, Güternahverkehr und Werkfernverkehr, An- und Verkauf von Gebrauchtmöbeln und Tresoren."
Alisic Transporte GmbH & Co. KG,"Karlsruhe, DE",Franz-Kafka-Straße 1A,76149,Karlsruhe,DE,-,
RTC-Transporte GmbH,"Karlsruhe, DE",Forststraße 13,76131,Karlsruhe,DE,25000.00 EUR,Der Waren- und Gütertransport sowie die Vermittlung von Transporten und der weltweite Handel mit Getreide.
M&P Transport und Logistik GmbH,"Mannheim, DE",Alphornstraße 30,68169,Mannheim,DE,25000.00 EUR,Der Transport und die Auslieferung von Sendungen im gesamten Bundesgebiet an Privat- und Geschäftshaushalte im Auftrag von Amazon Deutschland sowie der nationale Transport von Frachtgütern und die Vermietung von Immobilien aller Art.
MALI Logistik GmbH,"Mannheim, DE",Rheinkaistraße 34,68159,Mannheim,DE,25000.00 EUR,"Lager, Logistik, Verpackungsmittel, Transportmittel, Vermietung sowie Beratung und Vermittlung."
Spano Transporte GmbH,"Mannheim, DE",Windmühlstrasse 2-4,68165,Mannheim,DE,25000.00 EUR,"Transporte aller Art, Lagerhaltung von Waren sowie Kommissionierung und Verteilung für Kunden, Handel mit Baustoffen und unverderblichen Waren aller Art, Im- und Export von Textilien und abgepackten Lebensmitteln"
Liebherr-Transportation Systems Mannheim GmbH,"Mannheim, DE",Weinheimer Straße 64,68309,Mannheim,DE,500000.00 EUR,"Entwicklung, Herstellung und Vertrieb von verkehrstechnischen Anlagen und Geräten aller Art, insbesondere von Heizungs-, Lüftungs- und Klimatisierungssystemen sowie Steuerungs- und Diagnosesystemen für Schienenfahrzeuge."
Camelot Management Consultants AG,"Mannheim, DE",Theodor-Heuss-Anlage 12,68165,Mannheim,DE,250000.00 EUR,"- die nationale und internationale Management Beratung für die Aufbau- und Ablauforganisation, 
- IT Beratungs- und Serviceleistungen mit Einführung von Standardsoftware im Bereich des Logistik-Ketten-Managements (Supply Chain Management) und des ""ElectronicCommerce"",  
- Softwareentwicklung für das  Logistik-Ketten-Management und den ""Electronic Commerce""."
hwh Gesellschaft für Transport- und Unternehmensberatung mbH,"Karlsruhe, DE",Sophienstraße 152,76135,Karlsruhe,DE,25002.00 EUR,"Die Vermarktung von Leistungen Dritter im Bereich der technischen und wirtschaftlichen Beratung von Unternehmen, Unternehmenszusammenschlüssen und sonstigen privaten und öffentlichen Interessenten rund um Transport und Logistik unter Ausschluss der Steuer- und Rechtsberatung sowie von Tätigkeiten, die von Gesetzes wegen zwingend einer Gestattung oder Zulassung bedürfen."
Spedition Setzer UG (haftungsbeschränkt),"Rastatt, DE",Baldenaustr. 16,76437,Rastatt,DE,7500.00 EUR,Die Durchführung von Möbeltransporten und Umzügen.
Presse-Spedition Südwest UG (haftungsbeschränkt),"Karlsruhe, DE",Herrmann-Leichtlin-Straße 13,76185,Karlsruhe,DE,1000.00 EUR,"Pressespedition, Transport, Logistik, Kommissionierung, Handel mit Waren des täglichen Bedarfs."
Transport-Betz Logistik GmbH,"Malsch, DE",Daimlerstr. 22,76316,Malsch,DE,25000.00 EUR,Die Beratung im Zusammenhang mit Speditions-Dienstleistungen und Logistik-Dienstleistungen sowie die Übernahme von Dienstleistungen jeglicher Art in den Bereichen Logistik und Lagerhaltung. Transportdienstleistungen und Lohnverpackungsdienstleistungen sind nicht Gegenstand des Unternehmens.
Max Schmidt Papierlogistik GmbH,"Karlsruhe, DE",Südbeckenstraße 21,76189,Karlsruhe,DE,25000.00 EUR,"Der Betrieb einer internationalen Spedition sowie Güternah- und -fernverkehr; ferner die Lagerung und Vermittlung von Ladegut zu Lande, zu Wasser und in der Luft."
Helmut Hanel-Consult GmbH,"Mannheim, DE",Hauptstraße 151,68259,Mannheim,DE,25000.00 EUR,"Die technische und betriebliche Beratung, Schulung und Begutachtung im Transportwesen."
ULAK Transport GmbH,"Mannheim, DE",Untermühlaustr. 69,68169,Mannheim,DE,25000.00 EUR,Die Durchführung von Transport- und Kurierdienstleistungen.
O.S. Transporte GmbH,"Mannheim, DE",Ida-Dehmel-Ring 84,68309,Mannheim,DE,25000.00 EUR,"Die Durchführung von Transporten jeder Art, insbesondere nationaler und internationaler Verkehr, Spediteur, Frachtvermittlung, Lagerung im Rahmen der jeweils gültigen Betriebserlaubnis und der gesetzlichen Zulässigkeit sowie die Vermietung von Kraftfahrzeugen die damit zusammenhängenden Tätigkeiten."
Gerlach Transport Gesellschaft mit beschränkter Haftung,"Karlsruhe, DE",Koellestr. 39,76189,Karlsruhe,DE,26000.00 EUR,"Der Güternahverkehr, Baustellentransporte, Erdbewegungen und die Vermietung von Absetzmulden. Die Gesellschaft ist zu allen Geschäften und Maßnahmen berechtigt, die zur Erreichung des Geschäftszweckes notwendig oder nützlich erscheinen, insbesondere zur Errichtung von Zweigniederlassungen im In- und Ausland, zur Beteiligung an anderen Unternehmungen gleicher oder verwandter Art, sowie zum Abschluß von Interessengemeinschaftsverträgen."
Altunok Transport GmbH,"Mannheim, DE",Heilsberger Str. 21,68307,Mannheim,DE,50000.00 DEM,Der Güternah- und Fernverkehr ohne Beförderung von Gefahrgut.
LSA Logistics Sea & Air GmbH,"Karlsruhe, DE",Zeppelinstraße 4,76185,Karlsruhe,DE,100000.00 EUR,"Das Anbieten und die Erbringung von Dienst- , Logistik-, und Transportleistungen einer internationalen Spedition in der Luft- und Seefracht einschließlich der Vorholung bei multimodalem Transport."
ECE Internationale Transporte GmbH,"Mannheim, DE",Waldhofstr. 127,68169,Mannheim,DE,25000.00 EUR,"Die Übernahme von Transportaufträgen in Europa, die LKW-Vermietung an Selbstfahrer, Autohandel, Abschleppdienst, Import-Export von genehmigungsfreien Konsumgütern aller Art und die Vermittlung von Reisen."
Reiß - Transporte GmbH,"Baden-Baden, DE",Karlsruher Str. 10c,76532,Baden-Baden,DE,25000.00 EUR,"gewerbliche Gütertransporte, Vermietung von Transportfahrzeugen, An- und Verkauf von Kraftfahrzeugen, Unternehmensberatung in betriebswirtschaftlicher Hinsicht, Lebensberatung, Betrieb einer Wellness-Oase."
IKG-Speditions GmbH,"Baden-Baden, DE",Dr.-Rudolf-Eberle-Str. 28,76534,Baden-Baden,DE,25000.00 EUR,"Gegenstand des Unternehmens ist die Durchführung aller speditionellen und logistischen Aufgaben. Die Gesellschaft beschäftigt sich des weiteren mit der Vermittlung von Frachten.

Die Gesellschaft darf andere Unternehmen gleicher oder ähnlicher Art erwerben, vertreten oder sich an solchen Unternehmen beteiligen. Sie darf Zweigniederlassungen im In- und Ausland errichten."
FDM Personentransporte Mannheim UG (haftungsbeschränkt),"Mannheim, DE",Flensburger Ring 22,68305,Mannheim,DE,8000.00 EUR,"Die Durchführung von genehmigungspflichtigen und genehmigungsfreien Personen- und Sachbeförderungen sowie deren Vermittlung, ferner Dienstleistungen, Schulungen, Serviceleistungen und Beratungen im Bereich Personenbeförderung, Betrieb von Taxi- und Mietwagenunternehmen sowie Kurierdienste."
IP LogisticBau GmbH,"Mannheim, DE",Diffenestraße 27,68169,Mannheim,DE,25000.00 EUR,"Transportdienstleistungen mit Kraftfahrzeugen und Lastkraftwagen bis maximal 3,5 Tonnen, im Reifenservice, der Gebäudereinigung sowie dem Gerüstbau."
IQ Automotive Logistics GmbH,"Mannheim, DE",Güterhallenstraße 14-16,68159,Mannheim,DE,125000.00 EUR,"Die Durchführung von Transporten aller Art, Frachtenvermittlung  aller Art sowie Handel mit Kraftfahrzeugen aller Art."
Leible GmbH Früchtehandel-Internationale Transporte-Spedition,"Rheinmünster, DE",Körnersbühnd 2,77836,Rheinmünster,DE,50000.00 DEM,"Gegenstand des Unternehmens ist der Güternah- und Fernverkehr einschließlich Werksfernverkehr, die Vermittlung von Frachten sowie der Import und der Handel mit Obst und Gemüse. Zur Erreichung dieses Zwecks ist die Gesellschaft befugt, gleichartige oder ähnliche Unternehmen zu errichten, zu erwerben und sich an solchen zu beteiligen."
teamwerk AG,"Mannheim, DE",Willy-Brandt-Platz 6,68161,Mannheim,DE,50000.00 EUR,"a) Die Beratung und Konzepterstellung zur Problemlösung in Fragen der Unternehmensführung und des Managements, insbesondere in den betriebswirtschaftlichen Bereichen Planung, Controlling, Logistik, Vertrieb sowie Beschaffung und Einkauf; 
b) das Erbringen von kaufmännischer Dienstleistung, Führungs- und Strategieberatung der Leitung von öffentlichen Körperschaften sowie Unternehmen aller Rechtsformen, soweit dem keine gesetzlichen Verbote entgegenstehen; 
c) die Beratung von Körperschaften öffentlichen Rechts sowie privater Unternehmen aller Rechtsformen. Das Tätigkeitsumfeld umfasst auch das Wahrnehmen von Beratungsfunktionen in Unternehmensgremien wie z. B. Aufsichtsräten/Beiräten o.ä.; 
d) die Entwicklung, der Vertrieb und die Durchführung von operativen Leistungen in den o.g. Arbeitsfeldern. 
Die Gesellschaft betreibt keine Geschäfte, die Steuerberatern, Wirtschaftsprüfern bzw. Rechtsanwälten vorbehalten sind."
GO! Express & Logistics Karlsruhe GmbH,"Ettlingen, DE",Otto-Lilienthal-Str. 4 c,76275,Ettlingen,DE,50000.00 DEM,"Die Durchführung und Vermittlung von regionalen und überregionalen Kurierdiensten. Die Gesellschaft ist zu allen Geschäften und Maßnahmen berechtigt, die diesem Hauptzwecke zu dienen geeignet sind; insbesondere auch zur Vermittlung und Übernahme von Kuriersendungen von anderen regional und überregional arbeitenden Kurierdiensten."
Swetrail Deutschland GmbH,"Mannheim, DE",Fruchtbahnhofstraße 15,68169,Mannheim,DE,50000.00 DEM,"Die Ausführung von Transport-, Speditions- und Lageraufträgen."
Schätzle Logistik GmbH,"Baden-Baden, DE",Lange Straße 21,76530,Baden-Baden,DE,25000.00 EUR,"Gegenstand des Unternehmens ist der Betrieb einer Spedition. Die Gesellschaft ist berechtigt, sich an anderen Unternehmen zu beteiligen und Zweigniederlassungen zu errichten."
AI Logistik GmbH,"Mannheim, DE",Christian-Friedrich-Schwan-Straße 8,68167,Mannheim,DE,50000.00 EUR,"Der Betrieb eines Speditions- und Logistikunternehmens, insbesondere die Durchführung von Transport-, Speditions-, Logistik- und Lagergeschäften aller Art. Die Gesellschaft kann alle Geschäfte betreiben, die dem Gesellschaftszweck unmittelbar oder mittelbar zu dienen geeignet sind. Die Gesellschaft darf im In- und Ausland Zweigniederlassungen errichten sowie andere Unternehmen im In- und Ausland errichten, übernehmen, vertreten und sich an solchen Unternehmen beteiligen und/oder Kooperationen mit derartigen Unternehmen eingehen."
ZLT Zengin Ladenbau-Team GmbH,"Mannheim, DE",Industriestr. 2 g-h,68169,Mannheim,DE,25000.00 EUR,"Der An- und Verkauf von Ladeneinrichtungen und Handelswaren und die Durchführung bzw. Vermittlung von damit im Zusammenhang stehenden Dienstleistungen, der grenzüberschreitende Transport von nicht genehmigungspflichtigen Gütern, die Gründung von Tochtergesellschaften, Niederlassungen oder Beteiligung an Unternehmen."
Spedition - Kurt Wagner GmbH & Co. KG,"Mannheim, DE",Max-Born-Str. 3,68169,Mannheim,DE,-,
Baumah GmbH,"Mannheim, DE",Rebhuhnstr. 6,68307,Mannheim,DE,25000.00 EUR,"Der Transport von Tresoren, deren Verwertung und Entsorgung, Abbrucharbeiten, Durchführung von Umzügen sowie Transporte aller Art, soweit sie durch die Erlaubnis für den gewerblichen Güterkraftverkehr gedeckt sind, sowie genehmigungsfreie Dienstleistungen, die damit im Zusammenhang stehen."
Taplick Speditions GmbH,"Bühl, DE",Eichendorffstraße 1b,77815,Bühl,DE,25000.00 EUR,Der Betrieb einer nationalen und internationalen Spedition und allen damit zusammenhängenden Tätigkeiten.
Time for Logistics GmbH,"Mannheim, DE",Binnenhafenstraße 20,68159,Mannheim,DE,25000.00 EUR,"Die Personalvermittlung und die gewerbliche Arbeitnehmerüberlassung, Personalberatung, Projektmanagement in Sachen Export, Import und Lagerlogistik."
"Hellastrans, Transportgesellschaft mit beschränkter Haftung","Mannheim, DE",Rheinstr. 13-15,68159,Mannheim,DE,52000.00 DEM,"Der Transport von Gütern aller Art im Nahverkehrsbereich, sowie Ankauf, Verkauf, Import, Export von Gütern aller Art oder deren Verwertung."
Spedition Reichert Verwaltungs-GmbH,"Ottersweier, DE",Güterstr. 12,77833,Ottersweier,DE,25000.00 EUR,Beteiligung als persönliche haftende Gesellschafterin an der Ignaz Reichert GmbH & Co. KG mit Sitz in Ottersweier.
IQ Logistikservice GmbH,"Mannheim, DE",Güterhallenstraße 14 - 16,68159,Mannheim,DE,160000.00 EUR,"Die Durchführung von Transporten aller Art, Frachtenvermittlung aller Art sowie Handel mit Kraftfahrzeugen aller Art."
Fellmoser Logistik Holding GmbH,"Bühl, DE",Werkstraße 17,77815,Bühl,DE,27500.00 EUR,"Die Verwaltung eigenen Vermögens, der Erwerb, das Halten und Verwalten sowie die Veräußerung von Beteiligungen, Immobilien und anderer Vermögensgegenstände, insbesondere im Bereich der logistischen Dienstleistungen."
EngelTer Industrieservice GmbH,"Mannheim, DE",Einsteinstrasse 16,68169,Mannheim,DE,25000.00 EUR,"Die Erbringung von Logistikdienstleistungen, wie Lagerei und das Transportgeschäft, Hausmeisterdienstleistungen und die Reinigung von Mehrwegverpackungen"
Cargo Center Verwaltungsgesellschaft mbH,"Ettlingen, DE",Nobelstraße 20,76275,Ettlingen,DE,25000.00 EUR,"Die Verwaltung der Timon Objektgesellschaft Cargo Center GmbH & Co. KG, deren Gegenstand der Erwerb von Grundstücken und grundstücksgleichen Rechten und die Entwicklung, Bebauung und Verwaltung von Grundstücken, ausschließlich mit gesellschaftseigenen Mitteln zum Zweck der Realisierung des Projekts Cargo Center in Hamburg, ist. Die Gesellschaft übt keine der in § 34 c GewO genannten Tätigkeiten aus und wird nicht selbst Bauarbeiten durchführen."
IQ Kipper- und Schubbodenlogistik GmbH,"Mannheim, DE",Güterhallenstraße 14-16,68159,Mannheim,DE,125000.00 EUR,"Die Durchführung von Kipper- und Schubbodentransporten, Abfalltransporte, Frachtenvermittlung, Baulogistik sowie Handel mit Kraftfahrzeugen aller Art."
BRENTWOOD GmbH,"Mannheim, DE",Burgstraße 8,68165,Mannheim,DE,25000.00 EUR,"Die Anmietung und Weitervermietung von Einzelexponaten, Sammlungen und Kunstgegenständen, die Kuration, Konzeption, Vermittlung und Gestaltung von Ausstellungen sowie die Transportabwicklung, das damit zusammenhängende Marketing, die Beratung, die Öffentlichkeitsarbeit sowie die Merchandisingvermarktung, die Künstlerförderung, die Fotografie sowie die bildliche und textliche Verwertung von Einzelexponaten und Sammlungen und alle damit unmittelbar oder mittelbar zusammenhängenden Geschäfte."
Gourmaison GmbH,"Karlsruhe, DE",Lochfeldstraße 5,76437,Rastatt,DE,25000.00 EUR,"Insbesondere für Kunden im Bereich Gastronomie und Feinkost: Die Beratung, technische Planung, Umsetzung und Entwicklung, sowie Betrieb und Wartung von IT- und andren Systemen. Handel, Versandhandel, Fulfillment, Lagerung, Logistik und Vertrieb von Verbrauchs-, Gebrauchs und sonstigen Gütern sowie Import und Export der Güter und damit verbundener Büro- und Service Dienstleistungen (wie z.B. Retourenabwicklung, Fakturierung, Bezahlabwicklung, Kundendienst, CallCenter)."
"TECUMSEH EUROPE Sales & Logistics S.A.S, Zweigniederlassung Deutschland","Mannheim, DE","M 7, 18",68161,Mannheim,DE,24708086.00 EUR,"Der Verkauf von jedweden Produkten, Geräten und/oder Komponenten des thermodynamischen Markts."
Noweso Schneider Transport GmbH,"Malsch, DE",Albtalstraße 51,76316,Malsch,DE,25000.00 EUR,der Betrieb eines Kurierdienstes.
GVG Getränkelogistik Verwaltungs und Gastro GmbH,"Mannheim, DE",Föhrenweg 43,68305,Mannheim,DE,50000.00 DEM,"Der An- und Verkauf von Getränken aller Art, abgepackten Lebensmitteln und Non Food Artikeln im Groß- und Einzelhandel, deren Beschaffung, Zwischenlagerung, Kommissionierung und Verteilung an Abnahmestellen, sowie die Organisation der Leergutrückgaben, deren Zwischenlagerung und Abtransport. Der Betrieb von eigenen oder gemieteten Gaststätten und Betrieben aller Art."
S-Transporte GmbH,"Baden-Baden, DE",Balzenbergstraße 57,76530,Baden-Baden,DE,25000.00 EUR,"Die Durchführung von Transporten, insbesondere von Kühltransporten im erlaubnisfreien und genehmigungsfreien Güterkraftverkehr sowie die Vermittlung von Frachten, insbesondere im Kühltransportbereich, sowie der An- und Verkauf von gebrauchten Kraftfahrzeugen und Transportfahrzeugen und allen daran angrenzenden Tätigkeiten sowie der Betrieb eines Restaurants."
Heinrich Schneider Spedition GmbH,"Karlsruhe, DE",Wikingerstr. 7,76189,Karlsruhe,DE,50000.00 DEM,Durchführung und Vermittlung von Straßenkraftverkehrstransporten aller Art sowie alle damit zusammenhängenden oder sonst zur Erreichung des Geschäftszweckes nützlich erscheinenden Geschäfte. Es darf auch Zweigniederlassungen errichten.
BeKo Transport GmbH,"Karlsruhe, DE",Im Schlehert 26,76187,Karlsruhe,DE,25000.00 EUR,Alle Tätigkeiten auf dem Gebiet des Speditions- und Transportgewerbes einschließlich des Selbsteintritts als Frachtführer.
TOP TRANSPORT GmbH,"Mannheim, DE",Landzungenstr. 12,68159,Mannheim,DE,50000.00 DEM,"Spedition und Lagerei, die Durchführung von Transporten aller Art und der Im- und Export von Waren aller Art. Weiterhin der Betrieb einer Reparaturwerkstätte für Kraftfahrzeuge aller Art."
TransportTechnologie-Consult Karlsruhe GmbH (TTK),"Karlsruhe, DE",Durlacher Allee 73,76131,Karlsruhe,DE,100000.00 EUR,"Die Beratung und Planung im Verkehrswesen mit ingenieurwissenschaftlichen und betriebswirtschaftlichen Methoden unter Verwendung DV-gestützter Verfahren. Die Gesellschaft ist berechtigt, Geschäfte ähnlicher Art zu betreiben. Die Gesellschaft ist auch befugt, sich mit anderen Firmen zu Arbeits- und Interessengemeinschaften zusammenzuschließen, sich an gleichartigen oder ähnlichen Unternehmen zu beteiligen sowie Tochtergesellschaften zu gründen."
PS Transporte 24 UG (haftungsbeschränkt),"Mannheim, DE",Käfertaler Straße 224,68167,Mannheim,DE,300.00 EUR,Die Durchführung von Transporten.
Viatrans GmbH,"Mannheim, DE",Corneliusstraße 2,68163,Mannheim,DE,25000.00 EUR,"Die Durchführung von Güterkraftverkehr, Logistik und Transporten aller Art einschließlich aller damit verbundenen Dienstleistungen und Tätigkeiten."
GIGAS Transport und Logistik GmbH,"Mannheim, DE",Friesenheimer Straße 1 b,68169,Mannheim,DE,25000.00 EUR,Die Ausführung von Transport- und Speditionsleistungen aller Art sowie das Anmieten und Vermieten und der Kauf und der Verkauf von Nutzfahrzeugen.
Graeff Spedition GmbH & Co KG,"Mannheim, DE",Rheinkaistr. 40,68159,Mannheim,DE,-,
express kurier logistik UG (haftungsbeschränkt),"Mannheim, DE",Sigmund-Schott-Straße 1,68259,Mannheim,DE,3000.00 EUR,Die Besorgung nationaler und internationaler Transport- und Logistikdienstleistungen aller Art und hiermit zusammenhängender Nebenleistungen.
Siegfried und Matthias Moos Speditions- und Transport GmbH,"Karlsruhe, DE",Silcherstr. 31,76185,Karlsruhe,DE,116000.00 EUR,"Die Durchführung von Transporten im gewerblichen Güternah- und Güterfernverkehr, sowie die Durchführung von speditionellen Tätigkeiten und Lagerung, die Vermittlung von Ladungen und Vermietung von Fahrzeugen. Die Gesellschaft kann Zweigniederlassungen errichten, pachten, veräußern oder verpachten, sich an Unternehmungen im In- und Ausland beteiligen sowie alle Geschäfte betreiben, die geeignet sind, den Zweck der Gesellschaft und ihrer Unternehmen zu fördern.
Die Gesellschaft kann auch die Geschäftsführung und Vertretung sowie die Stellung als persönlich haftende Gesellschafterin in anderen Gesellschaften übernehmen."
BOG Transporte GmbH,"Baden-Baden, DE",Oberfeldstraße 8,76532,Baden-Baden,DE,25000.00 EUR,"Der Güterkraftverkehr einschließlich Spedition, der Im- und Export und der Handel mit sowie die Vermietung von Kfz und Maschinen aller Art sowie Handelsvermittlung mit nichtgenehmigungspflichtigen Waren, die Erbringung von Reise- und Reisevermittlungsleistungen, der Kauf und Verkauf sowie die Vermietung von Immobilien und das Recycling und die Entsorgung von Waren aller Art."
BLG Ladegemeinschaft Internationale Spedition GmbH Bühl,"Bühl, DE",Hurststr. 15,77815,Bühl,DE,50000.00 DEM,"Gegenstand des Unternehmens sind die Vermittlung und Durchführung von Transport- und Speditionsaufträgen aller Art im nationalen und internationalen Verkehr mit und in Kooperation der in Bühl und Umgebung ansässigen Transportunternehmen.

Die Gesellschaft darf alle damit zusammenhängenden und den Gesellschaftszweck fördernden Geschäfte tätigen.     
Die Gesellschaft ist berechtigt, sich an anderen Unternehmen zu beteiligen, auch die Geschäftsführung und die persönliche Haftung in Kommanditgesellschaften zu übernehmen und Zweigniederlassungen im In- und Ausland zu errichten."
Paletten-Logistics GmbH,"Karlsruhe, DE",Koellestraße 22,76189,Karlsruhe,DE,25000.00 EUR,"1. Gegenstand des Unternehmens ist die Erbringung von Transport-, Logistik- und Palettenreparaturdienstleistungen sowie der Palettenvertrieb. 2. Die Gesellschaft kann alle Rechtsgeschäfte vornehmen und Maßnahmen treffen, die den Gegenstand des Unternehmens unmittelbar fördern oder ihm zu dienen geeignet sind, insbesondere mit anderen Unternehmen zusammenarbeiten, sich an gleichartigen oder ähnlichen Unternehmen in jeder rechtlich zulässigen Form beteiligen, solche Unternehmen gründen, erwerben und veräußern, pachten und verpachten, sowie Zweigniederlassungen im In- und Ausland errichten."
PENADES LOGISTIK GmbH,"Gaggenau, DE",Lessingstraße 11,76571,Gaggenau,DE,50000.00 EUR,"Der Gegenstand der Gesellschaft betrifft nationale und internationale Warentransporte, Logistik-Dienste, Reparatur, Instandsetzung, Lagerung und Abfertigung jeglicher Waren und Aktivitäten, die mit dem Transport verbunden sind, Kraftstoffvertrieb für den Einzelhandel, Verkauf, Wartung und Reparatur von Kraftfahrzeugen, Verwaltungsbürodienstleistungen für Dritte, z. B. Erhalt und Registrierung von Rechnungen, Finanzplanung, Abrechnung und Archivierung, Personal- und Postdienste, Nutzung, Kauf oder Vermietung von Grundstücken, Industriegebäuden, Wohnungen und Lagerhallen sowie alle damit in Zusammenhang stehenden Maßnahmen."
MC Beratung & Logistik GmbH,"Mannheim, DE",Am Rosengartenplatz 1a,68159,Mannheim,DE,25000.00 EUR,"Die Durchführung von Transporten aller Art, Logistik und Logistikberatung."
Profit Transport GmbH,"Mannheim, DE","C 8, 12",68159,Mannheim,DE,25000.00 EUR,"Großhandel mit genehmigungsfreien Gütern, allgemeine nationale und internationale Transporte von Gütern aller Art überwiegend Industrie- und Handelswaren sowie Lebensmittel und Transportvermittlung."
YALI GmbH,"Mannheim, DE",Talstraße 74,68259,Mannheim,DE,25000.00 EUR,"Der Handel mit und der Transport von Baustoffen zu Wasser und zu Lande, die Kontrolle von gebrochenem Verkehr sowie Consulting und Entwicklung von Marketingstrategien in den Geschäftsbereichen Handels- und Transportgeschäfte aller Art sowie der Erwerb von und die Beteiligung an solchen Betrieben."
Mercur - Südlogistik Speditions-GmbH,"Mannheim, DE",Rheinkaistraße 34,68159,Mannheim,DE,25000.00 EUR,Der Betrieb einer internationalen Spedition einschließlich der Abfertigung und Vermittlung sämtlicher dazugehöriger Dienstleistungen. Der Selbsteintritt des Spediteurs nach § 412 Abs. 1 HGB ist ausgeschlossen.
Flow Logistics GmbH,"Mannheim, DE",George-Washington-Straße 52,68309,Mannheim,DE,25000.00 EUR,"Die Beförderung von Gütern aller Art im Güternah- und Fernverkehr, die Vermittlung von Güterversendungen durch Frachtführer und den damit zusammenhängenden Dienstleistungen, insbesondere dem Umschlag und der Lagerung von Gütern aller Art, der Betrieb einer Binnenschiffreederei, ferner die Übernahme von Consultingaufgaben (hierbei keine Steuerberatung, keine Wirtschaftsprüfung oder Rechtsberatung oder sonstigen genehmigungsbedürftigen Tätigkeiten)."
Fastline Transport GmbH,"Bühl, DE",Werkstraße 15,77815,Bühl,DE,25000.00 EUR,Die Durchführung von Speditions- und Logistikdienstleistungen mit eigenen oder fremden Fahrzeugen im Bereich Sonder - Eil und Kurierlogistik.
RLH Rheinsped- Logistik- und Handels-GmbH,"Karlsruhe, DE",Koellestr. 13,76189,Karlsruhe,DE,100000.00 EUR,"Die Übernahme sämtlicher speditioneller Tätigkeiten, Lagerung und Verteilung. Die Gesellschaft befasst sich mit der Durchführung von Transporten im nationalen und internationalen Güterkraftverkehr. Das Vermieten von Fahrzeugen, Silos, Baugerätschaften und Containern gehört ebenfalls zu den Aufgaben der Gesellschaft, wie das Handeln mit Baustoffen."
Jester Logistik Verpackungs GmbH,"Billigheim-Ingenheim, DE",Industriestraße 25 a,76831,Billigheim-Ingenheim,DE,25000.00 EUR,"Kommissionierung von Ware, Verpackung und Behälterbau für nationalen und internationalen Versand."
Denigo Transport UG (haftungsbeschränkt),"Mannheim, DE",Nürburgstraße 20,68167,Mannheim,DE,100.00 EUR,Die Durchführung von gewerblichem Güterkraftverkehr sowie die Vermietung von LKW.
ikonion Digitale Medien GmbH,"Mannheim, DE",Schopenhauerstraße 9 A,68165,Mannheim,DE,25000.00 EUR,"Die Herstellung und der Vertrieb von professionellen multimedialen Informationssystemen zur Vermittlung komplexer fachspezifischer Inhalte, insbesondere die digitale und audiovisuelle Umsetzung von medizinischen und kommerziellen Informationen in geeigneten Präsentationssystemen unter Einsatz geeigneter Hardware zur stationären und transportablen Wiedergabe sowie die Herstellung und der Vertrieb von komplementären Printmedien."
Spartank GmbH,"Ettlingen, DE",Pforzheimer Straße 132,76275,Ettlingen,DE,36000.00 EUR,"Speditionstätigkeit (Vermittlung von Transportaufträgen), Ausführung von Transportaufträgen sowie der Handel mit flüssiger Chemie."
Schindler Transport GmbH,"Ottersweier, DE",Schwalbenstraße 4,77833,Ottersweier,DE,25000.00 EUR,"Die Durchführung von nationalen und internationalen Transporten jeder Art mit Kraftfahrzeugen, die Erbringung logistischer Dienstleistungen sowie alle damit verbundenen Tätigkeiten."
LP Logistik Park Verwaltungs GmbH,"Baden-Baden, DE",Leisberghöhe 39,76530,Baden-Baden,DE,25000.00 EUR,"Der Erwerb und die Verwaltung von Beteiligungen sowie die Übernahme der persönlichen Haftung und Geschäftsführung der Logistik Park Rhein-Ruhr GmbH & Co. KG, deren Zweck die Erbringung von Logistikdienstleistungen und Projektmanagement-Aufgaben jeder Art und allen damit in Zusammenhang stehenden Geschäfte ist."
Security Service USS GmbH,"Mannheim, DE",Amselstr. 35,68307,Mannheim,DE,50000.00 EUR,"Durchführung von Geld- und Werttransporten und der Transport von Beleggut, Geldbearbeitung, Objektschutz, Veranstaltungsdienst, Ermittlung und Observation, Ausführung von Hausmeisterdiensten und allgemeinen Sicherheitsdiensten, einschließlich der damit zusammenhängenden Serviceleistungen"
Viterra Logistics GmbH,"Karlsruhe, DE",Kaiserallee 15,76133,Karlsruhe,DE,25000.00 EUR,"Der Betrieb einer Spedition, Durchführung und Vermittlung von Transporten aller Art und Dienstleistungen in den vorgenannten Bereichen."
Dagli Logistik GmbH,"Mannheim, DE",Turbinenstraße 10,68309,Mannheim,DE,25000.00 EUR,"Lagerung, Kommissionierung, Verpackung und Transport von Waren für andere Unternehmen."
HALO GmbH,"Mannheim, DE",Weinheimer Straße 64 A,68309,Mannheim,DE,25000.00 EUR,"Der Im- und Export von sowie der Handel mit Verpackungsmitteln, Recycling-, Kunst- und Baustoffen, sowie von Gegenständen der Elektro- und Automatisierungstechnik, der Einbau von genormten Baufertigteilen, zudem die Erbringung von Logistikdienstleistungen. Ferner die Durchführung von Transporten mit Fahrzeugen mit einem zulässigen Gesamtgewicht von bis zu 3,5 Tonnen sowie die entgeltliche bzw. geschäftsmäßige Beförderung von Gütern mit Kraftfahrzeugen im grenzüberschreitenden Güterkraftverkehr."
Packservice PS Kosmetik & Logistik GmbH,"Karlsruhe, DE",Mannheimer Straße 16-18,76131,Karlsruhe,DE,100000.00 EUR,"Das Lagern, Bearbeiten, Verpacken, Konfektionieren, Kommissionieren, Versenden sowie das Ein- und Verkaufen von Industrie-, Gebrauchs- und Konsumgütern, insbesondere Kosmetika, die Beratung bei diesen Tätigkeiten und die Entwicklung von Verpackungen und Displays im Gebiet der Bundesrepublik Deutschland, den übrigen EU-Mitgliedsstaaten, der Schweiz und weiteren ausländischen Staaten."
IQ Logistics GmbH,"Mannheim, DE",Güterhallenstraße 14-16,68159,Mannheim,DE,125000.00 EUR,"Die Durchführung von Transporten aller Art, Frachtenvermittlung aller Art sowie Handel mit Kraftfahrzeugen aller Art."
SLS Logistik GmbH,"Mannheim, DE",Melchiorstraße 11,68167,Mannheim,DE,25000.00 EUR,"Der Gütertransport im Straßenverkehr, Umzugstransporte, Lagerei, Erbringungen von Dienstleistungen für den Verkehr, Sonstige Post-, Kurier- und Expressdienste. Handel, Instandhaltung und Reparatur von Kraftwagen, Handel mit Kraftwagenteilen und -zubehör; Handel, Instandhaltung und Reparatur von Krafträdern, Kraftradteilen und -zubehör. Handelsvermittlung; Großhandel mit Gebrauchs- und Verbrauchsgütern, Geräten der Informations- und Kommunikationstechnik, sonstigen Maschinen, Ausrüstungen und Zubehör, sonstiger Großhandel, Großhandel ohne ausgeprägten Schwerpunkt. Verkaufsraumeinzelhandel mit Waren verschiedener Art, Geräten der Informations- und Kommunikationstechnik, sonstigen Haushaltsgeräten, Textilien, Heimwerker- und Einrichtungsbedarf, Verlagsprodukten, Sportausrüstung und Spielwaren und sonstigen Gütern. Einzelhandel an Verkaufsständen und auf Märkten. Kauf und Verkauf von eigenen Grundstücken, Gebäuden und Wohnungen; Vermietung und Verpachtung von eigenen oder geleasten Grundstücken, Gebäuden und Wohnungen; Vermittlung und Verwaltung von Grundstücken, Gebäuden und Wohnungen für Dritte."
Beton- und Kies-Logistik Verwaltungs GmbH,"Iffezheim, DE",Badener Str. 10,76473,Iffezheim,DE,25000.00 EUR,"Die Beteiligung als persönlich haftende Gesellschafterin an der Kommanditgesellschaft in Firma BKL Beton- u. Kies-Logistik GmbH & Co. KG mit dem Sitz in Iffezheim, sowie der Führung der Geschäfte dieser Gesellschaft."
PT-Logistics GmbH,"Mannheim, DE",Carl-Reuther-Str. 1,68305,Mannheim,DE,25000.00 EUR,Transport- und Entsorgungsdienstleistung.
AK - Kastner GmbH Transport- und Baggerbetrieb,"Malsch, DE",Kelterstraße 17,76316,Malsch,DE,25000.00 EUR,"Die Durchführung von Transporten im gewerblichen Güterkraftverkehr, national und international. Desweiteren betreibt die Gesellschaft einen Baggerbetrieb und führt zugleich Erdbewegungen durch und befaßt sich mit dem Handel von Baustoffen. Landschaftsbau und Landschaftspflege gehören ebenfalls zum weiteren Gegenstand des Unternehmens. Die Gesellschaft darf andere Unternehmen gleicher oder ähnlicher Art erwerben, vertreten oder sich an solchen Unternehmen beteiligen. Sie darf Zweigniederlassungen im In- und Ausland errichten."
Schies Wertelogistik GmbH,"Mannheim, DE",Amselstr. 31 a,68307,Mannheim,DE,25000.00 EUR,Der Durchführung von Geldtransporten und Dienstleistungen im Zusammenhang mit Geld- und Warenautomanten einschließlich den damit zusammenhängenden Tätigkeiten.
MTH Mannheimer Transport- und Handelsgesellschaft UG (haftungsbeschränkt),"Mannheim, DE",Merzinger Straße 2a,68309,Mannheim,DE,500.00 EUR,"Der nationale und internationale Transport- und Kurierdienst mit dem Kraftfahrzeug mit einem zulässigen Gesamtgewicht von bis zu 3,5 Tonnen, die Vermietung und Vermittlung von Kraftfahrzeugen und Anhängern aller Art und der Handel mit Kraftfahrzeugen, Anhängern und Kraftfahrzeugteilen aller Art sowie alle damit verbunden Dienstleistungen. Ferner die Durchführung von Personen- und Sachbeförderungen sowie deren Vermittlung; der Betrieb von Taxi- und Mietwagenunternehmen. Zudem die Produktion und der Vertrieb von Tonträgern aller Art; die Veranstaltung von Events aller Art; die Herstellung und der Handel mit Werbe- und Fanartikeln, physischen und digitalen Tonträgern; die Künstlervermittlung; das Management für Künstler sowie Beratungstätigkeiten im vorgenannten Bereich."
TBS Transportbeton im Osthafen Frankfurt GmbH & Co. KG,"Mannheim, DE",Rheinvorlandstraße 5,68159,Mannheim,DE,-,
ALFA-BAU GmbH,"Mannheim, DE",Oppauer Str. 15,68305,Mannheim,DE,25000.00 EUR,"Gebäudereinigung, Trockenbau und Fließenarbeiten, Kleintransporte, Baudienstleistungen. Tätigkeiten, für die eine besondere Genehmigung/Erlaubnis erforderlich ist, sind ausgeschlossen."
Munz GmbH & Co KG Lager und Logistik,"Ettlingen, DE",Daimlerstraße 3,76275,Ettlingen,DE,-,
NeoCargo AG,"Karlsruhe, DE",Haid- und-Neu-Straße 18,76131,Karlsruhe,DE,74375.00 EUR,"Die Entwicklung und der Betrieb einer neutralen europäischen digitalen Vernetzungsplattform für Spediteure, Frachtführer und ihre jeweiligen Partner"
Chief Express Logistik GmbH,"Mannheim, DE",Reichenbachstraße 17-19,68309,Mannheim,DE,25000.00 EUR,"Der Güterkraftverkehr, Umzugstransporte und Lagerlogistik."
DEAL Logistik & Automotive GmbH,"Mannheim, DE",Hafenstraße 15,68159,Mannheim,DE,30000.00 EUR,"Die Tätigkeit als Produktionshelfer, die Kommissionierung, Sortierung, Verpackung und Umpackung von Waren, die Tätigkeit als Staplerfahrer sowie das Verladen und Entladen von Waren im Logistik- und Automotivebereich. Tätigkeiten nach dem Arbeitnehmerüberlassungsgesetz werden nicht ausgeübt."
EPL GmbH - Express Paket Logistik,"Ettlingen, DE",Borsigstraße 4,76275,Ettlingen,DE,26000.00 EUR,"Die Durchführung von genehmigungsfreien Transporten im gewerblichen Güterkraftverkehr mit Fahrzeugen, deren zulässiges Gesamtgewicht einschl. des Gesamtgewichts eines evtl. Anhängers 3,5 Tonnen nicht überschreitet, femer die Vermittlung von Transporten jeder Art im In- und Ausland sowie die Durchführung aller damit zusammenhängenden Nebengeschäfte. Geschäftsgegenstand ist weiter auch die Aufbereitung und Verarbeitung der Sendungen in logistischer Art und Weise. Die Gesellschaft darf auch sonstige Geschäfte betreiben, sofern diese dem Gesellschaftszweck mittelbar oder unmittelbar dienlich sind. Die Gesellschaft darf auch andere Unternehmen gleicher oder ähnlicher Art übernehmen, vertreten und sich an solchen beteiligen. Sie darf auch Zweigniederlassungen errichten."
Franz Fellmoser Gesellschaft mit beschränkter Haftung Kraftwagenspedition,"Bühl, DE",Werkstraße 3,77815,Bühl,DE,51150.00 EUR,"Gegenstand des Unternehmens ist die Durchführung von Transporten im Güterfernverkehr und Güternahverkehr. 
Die Gesellschaft ist berechtigt, gleichartige oder ähnlich Unternehmen zu errichten oder bestehende zu erwerben oder sich an diesen zu beteiligen oder deren Geschäftsführung zu übernehmen und sämtliche Geschäfte zu betreiben, die geeignet sind, die Unternehmungen der Gesellschaft zu fördern. Gegenstand des Unternehmens ist ferner der Erwerb und die Verwaltung von Beteiligungen sowie die Übernahme der persönlichen Haftung und der Geschäftsführung bei Handelsgesellschaften, insbesondere die Beteiligung als persönlich haftende Geschäftsführende Gesellschafterin an der Fellmoser GmbH & Co. KG, die die Vermietung und Verpachtung von Grundstücken zum Gegenstand hat."
RET Automotive und Logistik GmbH,"Mannheim, DE",Hafenstraße 15,68159,Mannheim,DE,25000.00 EUR,"Demontage im Industriebereich, Industrieservice, Zulieferung von genormten Automobil-, Flugzeug- und Schiffsteilen, insbesondere im Blechbereich sowie Logistikdienstleistungen."
TBS Transportbeton Rhein-Neckar GmbH & Co. KG,"Mannheim, DE",Rheinvorlandstraße 5,68159,Mannheim,DE,-,
PARKPLAN AG,"Mannheim, DE",Rudolf-Diesel-Straße 27-31,68169,Mannheim,DE,50000.00 EUR,"Das Engineering, die Konzeption, die Entwicklung, die Herstellung, die Beratung und der Vertrieb von Produkten und Dienstleistungen im Bereich der Mobilität und Logistik, insbesondere durch automatisierte und halbautomatisierte Parksysteme sowie alle damit in Zusammenhang stehenden Tätigkeiten."
Baden Express Logistics UG (haftungsbeschränkt),"Rheinmünster, DE",Winnipeg Avenue B112,77836,Rheinmünster,DE,1000.00 EUR,Transportlogistik und Fahrzeugdesign.
Derreth Transport GmbH,"Hagenbach, DE",Schillerstraße 6,76767,Hagenbach,DE,25000.00 EUR,"Die Durchführung von Transporten aller Art, die Transportvermittlung sowie die Durchführung von Baggerarbeiten"
GLP German Logistik Personal GmbH,"Mannheim, DE",Reichenbachstraße 26,68309,Mannheim,DE,25000.00 EUR,Die gewerbemäßige Arbeitnehmerüberlassung sowie die Personalvermittlung
SR Transport- und Handels AG,"Karlsruhe, DE",Koellestraße 13,76189,Karlsruhe,DE,60000.00 EUR,"Die Übernahme sämtlicher speditioneller Tätigkeiten, Lagerung und Verteilung. Die Gesellschaft befasst sich mit der Durchführung von Transporten im nationalen und internationalen Güterkraftverkehr. Das Vermieten von Fahrzeugen, Silos, Baugerätschaften und Containern gehört ebenfalls zu den Aufgaben der Gesellschaft, wie das Handeln mit Baustoffen."
MTS Umzugs- und Transport GmbH,"Mannheim, DE",Obere Riedstraße 77-79,68309,Mannheim,DE,26000.00 EUR,"Die Ausführung von Umzügen, Kurierdiensten im Nah- und Fernverkehr, Gütertransporten bis zu einem Gesamtgewicht von 7,5 Tonnen, Ausführung von Entrümpelungen und die Beseitigung von Sperrmüll, Handel mit gebrauchten Gegenständen des täglichen Bedarfs sowie die Ausführung von Hausmeistertätigkeiten und Hausobjektbetreuungen. Der Handel mit Kraftfahrzeugen, Kraftfahrzeugteilen, Kraftfahrzeug-Zubehör, gebrauchten und neuen Autoteilen sowie die Durchführung von Reifenmontageservice und Ölwechsel. TÜV und AU-Service durch einen TÜV/AU-Abnahme zugelassenen
Außendienst als Subunternehmer. Der Handel mit Getränken sowie der Betrieb einer lmbissstube zum Ausschank nicht-alkoholischer Getränke und zum Verkauf von kalten und warmen Speisen. Reinigungsarbeiten, Bauhandwerkliche Leistungen (Abbruch, Entkernung, Fertigbauteile, Trockenbau,
Systemmontage), Malerarbeiten, Garten- und Landschaftsbau, Hausmeistertätigkeiten."
Medien Logistik Pegasus GmbH,"Karlsruhe, DE",Fritz-Erler-Str. 25,76133,Karlsruhe,DE,125000.00 EUR,"Der Vertrieb von Medien jeder Art und Ausprägung und die damit verbundene logistische Abwicklung. Die Gesellschaft ist berechtigt, ihre Geschäfte im In- und Ausland zu betreiben, insbesondere Zweigniederlassungen zu errichten, sich an gleichartigen oder ähnlichen Unternehmen zu beteiligen, andere Unternehmen zu erwerben und alle sonstigen den Gesellschaftszweck fördernde Maßnahmen durchzuführen."
M&H Spedition GmbH,"Bühl, DE",Hurststraße 4,77815,Bühl,DE,25000.00 EUR,"Serviceleistungen im Logistikbereich, insbesondere Durchführung von Transporten, Überführungen von Kraftfahrzeugen, Lagerung von Transportgut und Vermittlung von Transportleistungen."
TopTrans Transport und Logistik GMBH,"Mannheim, DE",Parkring 49a,68159,Mannheim,DE,25000.00 EUR,"Lagerung, Logistik, Spedition und alle im Zusammenhang damit verbundenen Serviceleistungen für Waren aller Art. Die Gesellschaft ist berechtigt, ähnliche mit dem Gegenstand der Gesellschaft zusammenhängende Geschäfte zu tätigen, soweit diese zur Erreichung des Gesellschaftszwecks als dienlich erscheinen oder geeignet sind, die Gesellschaft zu fördern. Die Gesellschaft führt die nach dem Güterkraftverkehrsgesetz genehmigungspflichtigen Transporte nur durch nach dem Güterkraftverkehrsgesetz befähigte Subunternehmer aus."
Synergies Logistiques Deutschland GmbH,"Mannheim, DE","O 3, 11+12",68161,Mannheim,DE,25000.00 EUR,"Die Vermittlung von nationalen und internationalen Gütertransporten, die Einlagerung und der Umschlag von Gütern sowie alle damit im Zusammenhang stehenden Tätigkeiten."
Hoffmann Möbeltransport Spedition GmbH,"Karlsruhe, DE",Daimlerstr. 23 a,76185,Karlsruhe,DE,50000.00 DEM,"Die Durchführung von Möbeltransporten, der Betrieb einer Spedition sowie die Lagerung von Möbeln. Die Gesellschaft ist berechtig, alle Tätigkeiten und Geschäfte auszuführen, die geeignet sind den Gesellschaftszweck zu fördern.

Die Gesellschaft darf andere Unternehmungen gleicher oder ähnlicher Art im In- und Ausland übernehmen, vertreten und sich an solchen Unternehmungen beteiligen. Sie darf auch Zweigniederlassungen errichten.
Die Gesellschaft ist auch befugt, sich mit anderen Firmen zu Arbeits- und Interessengemeinschaften zusammenzuschließen sowie Tochtergesellschaft zu gründen."
Spedition Benk GmbH,"Gaggenau, DE",Viktoriastraße 56,76571,Gaggenau,DE,100000.00 DEM,"Der Betrieb einer Spedition, einer Abfertigungsspedition, der Lagerhaltung sowie der Durchführung des Güternah- und -fernverkehrs.

Die Gesellschaft kann gleichartige, ähnliche oder einschlägige Unternehmen pachten, erwerben, sich an solchen beteiligen deren Geschäftsführung und Vertretung übernehmen sowie Zweigniederlassungen errichten. Sie kann Interessengemeinschaften und Organschaftsverhältnisse eingehen, wenn diese den Unternehmenszweck fördern. 

Die Gesellschaft kann sich dem Unternehmensgegenstand auch ausschließlich oder teilweise durch Betriebsvermögensverpachtung an gleichartige, ähnliche oder einschlägige Unternehmen oder ausschließlich durch Beteiligung an derartigen Unternehmen und Übernahme von deren Vertretung und Geschäftsführung widmen."
Schultewolter Verwaltungs GmbH,"Mannheim, DE",Schützenstr. 10,68259,Mannheim,DE,25000.00 EUR,"Die Reparatur und der Handel mit Ersatzteilen für Mittel- und Großmotoren, insbesondere Kolbenverbrennungsmaschinen, sowie alle einschlägigen und artverwandten Geschäfte, der Erwerb von und die Beteiligung an solchen Betrieben sowie deren Verwaltung, ferner die Durchführung von Handels- und Transportgeschäften aller Art, insbesondere von Maschinenteilen."
MTG Logistik GmbH Mannheim,"Mannheim, DE",Otto-Hahn-Str. 13,68169,Mannheim,DE,25000.00 EUR,"Die Durchfüihrung von nationalen und internationalen Speditionsgeschäften aller Art. Der Selbsteintritt des Spediteurs nach § 458 HGB ist ausgeschlossen, Lagerhaltung und Verwaltung, Kommisianierung, Gefahrgutlogjstik, Konfektionierung, Verpackungs- und Verladetätigkeit. Der Außen- und Binnenhandel für lndustrieanlagen aller Art. Die speditionelle und logistische Beratung von Industrieunternehmen. Die Entwicklung und Programmierung sowie der Vertrieb von Softwareprodukten für die Bereiche Spedition, Transport und Logistik."
BTL GmbH,"Baden-Baden, DE",Lange Straße 75,76530,Baden-Baden,DE,25000.00 EUR,"Gegenstand des Unternehmens ist der Transport von Gütern aller Art, Transportvermittlungen sowie die Erbringung sonstiger Logistikdienstleistungen."
DLK international automotive logistics GmbH,"Mannheim, DE","P 4, 1",68161,Mannheim,DE,25000.00 EUR,"Die europaweite Überführung, Aufbereitung und Auslieferungsvorbereitung von neuen und gebrauchten Fahrzeugen, insbesondere Omnibussen und Reisebussen und anderen Nutzfahrzeugen und Nebenleistungen an Automobilen und Nutzfahrzeugen."
AT Transportgesellschaft mbH,"Mannheim, DE",Hafenstraße 15,68159,Mannheim,DE,25000.00 EUR,"Kleintransporte bis 3,5 to, Auftragsvermittlung von Frachtaufträgen, gewerblicher Güterkraftverkehr, Transport von Wirbeltieren sowie Unternehmensberatung im Bereich der Buchhaltung und Lohnabrechnung."
AY Logistik GmbH,"Mannheim, DE","O 4, 4",68161,Mannheim,DE,25000.00 EUR,"Die Durchführung von Kurierdiensten und Kleintransporten, nationale und internationale Transporte, Tiefkühltransporte und Lagerung von Lebensmitteln, der Im- und Export von Lebensmitteln, Elektroartikeln, Werkzeugen, Textilien, Spielzeugen und Hausbedarf sowie alle damit im Zusammenhang stehdenen Dienst- und Servicearbeiten, sofern für alle diese Tätigkeiten keine Genehmigungen erforderlich sind."
L & S Logistik & Service UG (haftungsbeschränkt),"Mannheim, DE",Boehringerstr. 16,68307,Mannheim,DE,500.00 EUR,"Der Handel mit Schutzkleidung und Werkzeugen sowie der Handel, Verleih und die Annahme von Reparaturen von Bau- und Handwerksmaschinen und deren Zubehör, Logistikleistungen und Facilitymanagement."
IQ Transport GmbH,"Mannheim, DE",Güterhallenstraße 14-16,68159,Mannheim,DE,700000.00 EUR,"Der nationale und internationale Güterkraftverkehr mit Fahrzeugen über 3,5 Tonnen, die Vermietung von und der Handel mit Nutzfahrzeugen sowie alle damit verbundenen Dienstleistungen."
Transport Profis 24 GmbH,"Mannheim, DE",Friesenheimer Straße 20,68169,Mannheim,DE,25000.00 EUR,Gütertransport und Kurierlogistik.
U-BAU MRN UG (haftungsbeschränkt),"Mannheim, DE",Bellenstraße 16,68163,Mannheim,DE,20.00 EUR,"Maurer- und Betonbau, Vollwärmeschutz, Eisenflechten, Holz- und Bautenschutz, Einbau genormter Baufertigteile, Estrich- und Fliesenlegen, Garten- und Landschaftsbau, Winterdienst, Hausmeisterservice, Abbrucharbeiten, Demontage, Sortieren von Baumischabfall und Entsorgung, Trockenbau und Raumausstattung, Kleintransporte bis 3,5t."
"BOL - Gesellschaft für Bauausführungen, Organisation und Logistik mbH","Mannheim, DE",Steubenstr. 52,68163,Mannheim,DE,25000.00 EUR,"Die Durchführung von Bauplanung und Bauausführung, die Erstellung von schlüsselfertigen Bauten, die Erstellung von Neubauten und Umbauten, die Durchführung von Altbau-Sanierung und Reparaturarbeiten, die Montage und Sanierung von Bauwerksteilen und der Einbau von Fertigteilen sowie die Durchführung von Beton- und Stahlbetonarbeiten, die Ausführung von Fassadenbekleidungen, die Durchführung von Abdichtungen, Wärme-, Kälte- und Schallschutzdämmungen, die Errichtung von Estrichen, Bodenbelägen aus Steinen und Platten, die Durchführung von Innen- und Außenputzarbeiten, die Durchführung von Tiefbau sowie Bauwerks- und Grundstücksentwässerungen, die Errichtung von Trockenbauten, die Durchführung von Abbruch- und Stemmarbeiten sowie der Handel mit Baustoffen aller Art. Die Gesellschaft kann auch als Generalunternehmer auftreten und mit der Durchführung der oben genannten Arbeiten Subunternehmer beauftragen."
AGAY Transport & Logistik Gmbh,"Mannheim, DE",Einsteinstraße 14,68169,Mannheim,DE,25000.00 EUR,"Verwaltung eigenen Vermögens, Handel mit Waren aller Art, insbesondere mit Lebensmitteln sowie die Erbringung von Logistikdienstleistungen aller Art, ferner der Betrieb eines Transportunternehmens im Güterfern- und nahverkehr sowie Abfertigungsspedition, des Weiteren erlaubnisfreier Kurierdienst mit Kfz und die Vermietung von Kraftfahrzeugen"
Walter Umzüge und Logistik GmbH & Co. KG,"Mannheim, DE",Hafenstraße 15,68159,Mannheim,DE,-,
G.V.S. Verwaltungsgesellschaft für die Verwertung von Sonderabfällen mbH,"Mannheim, DE",Otto-Hahn-Strasse 50,68169,Mannheim,DE,27000.00 EUR,"Die Sammlung, Bearbeitung, der Transport und die Verwertung von Sonderabfällen und anderen Produktionsrückständen und -abfällen, deren Behandlung insbesondere durch Verbrennung oder thermische/stoffliche Verwertung, die Vermittlung derartiger Geschäfte sowie die Erprobung und Erforschung von Entsorgungsverfahren für Sonderabfälle, insbesondere von Verbrennungs- und/oder thermischen oder stofflichen Verwertungsmethoden sowie die Vermarktung der daraus gewonnenen Ergebnisse, der Bau und/ oder der Betrieb von Entsorgungsanlagen, insbesondere von Verbrennungs- und/oder thermischen oder stofflichen Verwertungsanlagen ."
Karius Transport GmbH,"Mannheim, DE",Kalthorstraße 4,68307,Mannheim,DE,25000.00 EUR,"Die Durchführung von Kleintransporten bis zu einem zulässigen Gesamtgewicht von 3,5 t einschließlich Anhänger, insbesondere der Lieferverkehr zwischen Herstellern und Großhändlern an Einzelhändler."
Novologistik GmbH Internationale Spedition,"Mannheim, DE",Schwetzinger Str. 71,68165,Mannheim,DE,25000.00 EUR,Die Vermittlung von Frachten im Inland und internationalen Ausland sowie Zollabwicklung und Lagerhaltung.
MARWAY Express Logistik GmbH,"Mannheim, DE",Carl-Reuther-Straße 1,68305,Mannheim,DE,25000.00 EUR,"Erbringung von erlaubnisfreien Dienstleistungen für den Transport, insbesondere Vermittlung und Spedition sowie Durchführung von Dienstleistungen jeglicher dem vorgenannten Geschäftszweck dienender Art."
Durmaz Handels GmbH,"Mannheim, DE",Fruchtbahnhofstraße 3-15,68159,Mannheim,DE,25000.00 EUR,"Der Handel mit sowie der Im- und Export von Transportleergut und Regalen, Elektro- und Haushaltsgeräten sowie Kraftfahrzeugen und Kraftfahrzeugteilen."
Lösch Lagerlogistik GmbH,"Mannheim, DE",Abraham-Lincoln-Allee 16,68309,Mannheim,DE,25000.00 EUR,Logistikberatung und Interimsmanagement.
Yildiz Industrieservice GmbH,"Mannheim, DE",Maria-Rigel-Straße 12,68307,Mannheim,DE,25000.00 EUR,"1. Wartungs-, Reparatur-, Reinigungs- und Logistikarbeiten im industriellen
                Bereich sowie ähnliche Arbeiten aller Art.
                2. Die Vornahme aller Geschäfte, welche direkt oder indirekt mit dem Vorstehenden in Zusammenhang
                stehen.
                3. Die Übernahme der Geschäftsführung fremder Unternehmen."
Helix Logistik GmbH,"Mannheim, DE",Augustaanlage 7-11,68165,Mannheim,DE,70000.00 EUR,"Die Durchführung von Logistikdienstleistungen, Boten- und Kurierdiensten und der Transport von Waren und Gütern aller Art sowie die Durchführung aller damit in unmittelbarem und mittelbarem Zusammenhang stehenden Geschäfte."
leur Transport GmbH & Co. KG,"Karlsruhe, DE",Wikingerstraße 16,76189,Karlsruhe,DE,-,
Air & Sea Stecher Logistics GmbH,"Mannheim, DE",Im Pfeifferswörth 18,68167,Mannheim,DE,50000.00 EUR,Die Besorgung von Speditionsleistungen aller Art. Der Selbsteintritt gem. § 458 HGB ist ausgeschlossen.
PTV Logistics GmbH,"Karlsruhe, DE",Stumpfstraße 1,76131,Karlsruhe,DE,25002.00 EUR,"Entwicklung und Vertrieb von Software; Handel mit Software und damit zusammenhängenden weiteren Produkten (z.B. Hardware) sowie Dienstleistungen, Forschung und Consulting im Bereich des Transportwesens und im EDV- Bereich."
M & M Transport GmbH,"Karlsruhe, DE",Hermann-Müller-Würtz-Str. 12,76189,Karlsruhe,DE,25000.00 EUR,"Die Personenbeförderung mit Taxis und Mietwagen sowie die Durchführung von Kurierdiensten und der An- und Verkauf von Kraftfahrzeugen aller Art. 

Die Gesellschaft darf andere Unternehmen gleicher oder ähnlicher Art erwerben, vertreten oder sich an solchen Unternehmen beteiligen. Sie darf Zweigniederlassungen im In- und Ausland errichten. Die Gesellschaft darf alle Geschäfte vornehmen, die der Erreichung und Förderung des Gesellschaftszweckes dienlich sein können."
Spedition Vogel GmbH,"Karlsruhe, DE",Am Entenfang 12,76185,Karlsruhe,DE,50000.00 DEM,"Der Betrieb einer Spedition sowie aller damit verbundenen Aufgaben und Nebengeschäfte, insbesondere die Durchführung und Vermittlung von Transporten im Güternahverkehr und Güterfernverkehr sowie Hausverwaltungen und alle Geschäfte, die der Genehmigung nach § 34 c) Gewerbeordnung bedürfen. 
Die Gesellschaft darf andere Unternehmen gleicher oder ähnlicher Art übernehmen, vertreten oder sich an solchen Unternehmen beteiligen.  Sie darf auch Zweigniederlassungen errichten."
Oser Logistik GmbH,"Baden-Baden, DE",Steinweg 10,76534,Baden-Baden,DE,25000.00 EUR,Die Durchführung von Transportdienstleistungen.
Vimex UG (haftungsbeschränkt),"Mannheim, DE",Eugen-Bolz-Straße 16,68163,Mannheim,DE,500.00 EUR,"Herstellung, Handel, Ver- und Bearbeitung, Ein- und Ausfuhr von und mit Gebrauchsgütern in den Bereichen Industrie, Technik, Ernährung sowie Land- und Forstwirtschaft, insbesondere von und mit elektrotechnischen und elektronischen Systemen, Holz- und Papierprodukten, Textilien, Verpackungs- und Druckerzeugnissen, Rohstoffen sowie Nahrungsmitteln und Getränken; Erbringung von Dienstleistungen in den vorgenannten Feldern und den Bereichen Beratung und Logistik. Die Gesellschaft kann ferner alle Geschäfte tätigen, die dem Unternehmenszweck dienlich sind bzw. die direkt oder indirekt mit diesem in Zusammenhang stehen. Die Gesellschaft kann Zweigniederlassungen, Betriebsstätten und Tochtergesellschaften im In- und Ausland errichten, sich an Unternehmen im In- und Ausland beteiligen, Tochterunternehmen im In- und Ausland gründen, ihr eigenes Vermögen verwalten sowie Grundeigentum im In- und Ausland erwerben, belasten, verwalten und veräußern."
Dold Speditions-GmbH,"Karlsruhe, DE",Moltkestraße 39,76133,Karlsruhe,DE,25000.00 EUR,Das Befördern von Gütern aller Art.
en logistics GmbH & Co. KG,"Klingenmünster, DE",In den Schelmengärten 9,76889,Klingenmünster,DE,-,
